Product ID,Model / Part No.,Description,Category,Brand,Unit,Location,Cost Price,Sale Price,Current Stock,Product Image,Remarks,Status,Duplicate Model Flag,Source Row
P-000001,AA-0404,"3/2 ELECTRO/CNOMO N.O.1,5MM",Valves,,Pcs,SH-1,9551.0,,4,,,Active,,2
P-000002,AA-0400,"3/2 ELECTRO/CNOMO N.C.1,5MM",Valves,,Pcs,SH-1,5384.0,,19,,,Active,,3
P-000003,AA-0184,3/2 N.C.PILOT VALVE 1.5MM,Valves,,Pcs,SH-1,4492.0,,8,,,Active,,4
P-000004,AA-0188,3/2 N.P PILOT VALVE 1.5MM,Valves,,Pcs,SH-1,6003.0,,4,,,Active,,5
P-000005,AA-0450,MANIFOLD 1/8 BSP U1,Valves,,Pcs,SH-1,1292.0,,25,,,Active,,6
P-000006,A-111NG,"3/2 MICRO VALVE 1.2MM 1,5W/2VA NC",Valves,,Pcs,SH-1,5765.0,,5,,,Active,,7
P-000007,AA-0211,"3/2 SOLENOID VALVE 1/8 N.C.1,5MM",Valves,,Pcs,SH-1,6003.0,,3,,,Active,,8
P-000008,AB-0888,"ELECTRO PILOT ""CNOMO"" 3/2 N.O.",Valves,,Pcs,SH-1,9749.0,,0,,,Active,,9
P-000009,AB-0878,"ELECTRO PILOT ""CNOMO"" 3/2 N.O.",Valves,,Pcs,SH-1,9749.0,,0,,,Active,,10
P-000010,AB-0687,ELECTRO PILOT U2 3/2 N.C. M.O.,Valves,,Pcs,SH-1,6058.0,,30,,,Active,,11
P-000011,AB-0685 = VT307E,ELECTRO PILOT U2 3/2 N.O.,Valves,,Pcs,SH-1,9551.0,,9,,,Active,,12
P-000012,AB-0819 = VT315-025G 0-,SOLENOID VALVE 1/4 BSP 3/2 N.O.,Valves,,Pcs,SH-1,12367.0,,10,,,Active,,13
P-000013,AB-0824,SOLENOID VALVE 1/4 BSP 2/2 N.C.,Valves,,Pcs,SH-1,8864.0,,5,,,Active,,14
P-000014,AB-0827,SOLENOID VALVE 1/4 BSP 2/2 N.C.,Valves,,Pcs,SH-1,9567.0,,2,,,Active,,15
P-000015,AB-0900,"SUB-PLATE U2 1/8""",Others,,Pcs,SH-1,1559.0,,22,,,Active,,16
P-000016,AB-0822 =M/49A NORGREN,SOLENOID VALVE 1/4 BSP 3/2 N.C.,Valves,,Pcs,SH-1,7887.0,,8,,,Active,,17
P-000017,AM-5203,MANUAL OVERRIDE 1 POS.PIL.U2 NO,Others,,Pcs,SH-1,2428.0,,5,,,Active,,18
P-000018,AM-5201,MANUAL OVERRIDE 1 POS.PIL.U1 NO,Others,,Pcs,SH-1,2428.0,,9,,,Active,,19
P-000019,AI-9120,"""JET"" VALVE 2/2 ROLLER/SPR 4X2",Valves,,Pcs,SH-1,5876.0,,1,,,Active,,20
P-000020,AI-9100M,"""JET"" VALVE 3/2 ROLLER/SPR M5",Valves,,Pcs,SH-1,4935.0,,0,,,Active,,21
P-000021,AB-0623,"STEM 3V 2,4MM STEEL",Others,,Pcs,SH-1,7985.0,,15,,,Active,,22
P-000022,AI-3500,MINIATURE END VALVE,Valves,,Pcs,SH-1,3359.0,,1,,,Active,,23
P-000023,A-101N,3/2 MICRO VALVE 1.2MM 1.5W NC,Valves,,Pcs,SH-1,5166.0,,1,,,Active,,24
P-000024,A-122N,3/2 MICRO VALVE 1.5MM 2.5W.NO,Valves,,Pcs,SH-1,7194.0,,2,,,Active,,25
P-000025,AB-0755,SOLENOID VALVE 1/8 BSP 3/2 NO,Valves,,Pcs,SH-1,10218.0,,2,,,Active,,26
P-000026,AB-0885,"ELECTRO PILOT ""CNOMO"" 3/2 NC",Valves,,Pcs,SH-1,6816.0,,1,,,Active,,27
P-000027,B-121N,"3/2 NANO VALVE 0.5MM 0,95W N/O",Valves,,Pcs,SH-1,5815.0,,1,,,Active,,28
P-000028,AM-5152,SOLENOID ADAPTOR: VERTICAL,Valves,,Pcs,SH-1,1437.0,,5,,,Active,,29
P-000029,B-101N,3/2 NANO VALVE 0.5MM N/C,Valves,,Pcs,SH-1,1437.0,,2,,,Active,,30
P-000030,AG-3051 AG-3050,"POPPET VALVE 3/2 N.A VACUUM 1""",Valves,,Pcs,SH-2,51000.0,,2,,,Active,,31
P-000031,AG-3222,"POPPET VALVE 3/2 N.C VACUUM 1/2""",Valves,,Pcs,SH-2,40164.0,,0,,,Active,,32
P-000032,AG-3214 (AG-3206),"POPPET VALVE 3/2 N.C VACUUM 3/8""",Valves,,Pcs,SH-2,31394.0,,2,,,Active,,33
P-000033,AG-3232,"POPPET VALVE 3/2 N.C VACUUM 3/4""",Valves,,Pcs,SH-2,48031.0,,0,,,Active,,34
P-000034,AF-2540,POPPET VALVE 3/2 N.C SOL/SPRING 3/4,Valves,,Pcs,SH-3,29933.0,,3,,,Active,,35
P-000035,AF-2546,"POPPET VALVE 3/2 N.O SOL/SPRING 1""",Valves,,Pcs,SH-3,47471.0,,1,,,Active,,36
P-000036,AF-2530,POPPET VALVE 3/2 N.C SOL/SPRING 1/2,Valves,,Pcs,SH-3,26462.0,,0,,,Active,,37
P-000037,AC-9520,1/2 BSP 5/2 SOL/SOL VALVE,Valves,,Pcs,SH-4,44809.0,,8,,,Active,,38
P-000038,AC-8900,1/4 BSP SUB-BASE FOR MIXED SERIES,Others,,Pcs,SH-4,7476.0,,13,,,Active,,39
P-000039,AC-89*****,COVER 1/4 + SEAL + SCREW +PISTON (AC-8100 HEAD),Others,,Pcs,SH-38,4897.0,,12,,,Active,,40
P-000040,AC-8990-06,COVER 1/4 + SEAL + SCREW (AC-8500 HEAD),Others,,Pcs,SH-38,4897.0,,10,,,Active,,41
P-000041,AC-9500,1/2 BSP 5/2 SOL/SPRING VALVE,Valves,,Pcs,SH-4,37622.0,,7,,,Active,,42
P-000042,AC-8985,REPAIR KIT FOR AC-8120/AC-8520,Others,,Pcs,SH-4,8999.0,,11,,,Active,,43
P-000043,AC-7980,REPAIR KIT FOR AC7500-AC7100,Others,,Pcs,SH-4,6897.0,,15,,,Active,,44
P-000044,AC-7985,REPAIR KIT FOR AC7520-AC7120,Others,,Pcs,SH-4,8143.0,,15,,,Active,,45
P-000045,AC-8980,,Others,,Pcs,SH-4,,,14,,,Active,,46
P-000046,AC-9985,,Others,,Pcs,SH-4,,,9,,,Active,,47
P-000047,AC-9980,REPAIR KIT FOR AC-9500-AC-9100,Others,,Pcs,SH-4,,,11,,,Active,,48
P-000048,AC-8990-05,REPAIR KIT SPRING+END CAP,Others,,Pcs,SH-38,,,12,,,Active,REVIEW,49
P-000049,KLK401032BM,,Others,,Pcs,SH-5,,,7,,,Active,,50
P-000050,KLK401040BM,,Others,,Pcs,SH-5,,,11,,,Active,,51
P-000051,KK401063BM,K SERIES CYLINDER KIT § 063 MAGNET,Cylinder,,Pcs,SH-5,,,7,,,Active,,52
P-000052,KLK401063BM,,Others,,Pcs,SH-5,,,21,,,Active,,53
P-000053,KLK401100BM,,Others,,Pcs,SH-5,,,3,,,Active,REVIEW,54
P-000054,KLK401125BM,,Others,,Pcs,SH-5,,,2,,,Active,,55
P-000055,KLK501063,,Others,,Pcs,,,,4,,,Active,,56
P-000056,KLK501080,,Others,,Pcs,,,,5,,,Active,,57
P-000057,KLK501100,PUT BACK IN UN COMPLETE ASSY,Others,,Pcs,,,,16,,,Active,,58
P-000058,KLK501125,FRONT END CAP DIA 125,Others,,Pcs,SH-6,,,3,,,Active,,59
P-000059,KLK401100BM,,Others,,Pcs,,,,3,,,Active,REVIEW,60
P-000060,AG-3020,"POPPET VALVE 3/2 N.C VACUUM 1/2""",Valves,,Pcs,SH-7,,,0,,,Active,,61
P-000061,AG-3040,,Others,,Pcs,SH-7,,,0,,,Active,,62
P-000062,AF-2510,POPPET VALVE 3/2 N.C SOL/SPRING 1/4,Valves,,Pcs,SH-7,,,3,,,Active,,63
P-000063,AF-2524,POPPET VALVE 3/2 AIR,Valves,,Pcs,SH-7,,,0,,,Active,,64
P-000064,AF-2545,"POPPET VALVE 3/2 N.C 1"" U2",Valves,,Pcs,SH-7,,,2,,,Active,,65
P-000065,AF-2603,"POPPET VALVE 3/2 N.C PIL/SPR 1/2""",Valves,,Pcs,SH-7,,,0,,,Active,,66
P-000066,AF-9665,"complete kit FOR AF-2530, AF-2531, AF-2540, AF-2541, AF-2603, AF-2610",Others,,Pcs,SH-7,,,6,,,Active,,67
P-000067,AF-9670,"complete kit FOR AF-2545, AF-2546, AF-2615",Others,,Pcs,SH-7,,,0,,,Active,,68
P-000068,AF-9620,"diaphragm + grey ring+ oring for AF-2545, AF-2546, AF-2615",Others,,Pcs,SH-7,,,2,,,Active,,69
P-000069,AG-3081,"POPPET VALVE 3/2 N.C VACUUM 1/2""",Valves,,Pcs,SH-7,,,0,,,Active,,70
P-000070,BE-5000,5/2 ISO3 MIX SOL/SPR MAN.1/2P,Valves,,Pcs,,,,2,,,Active,,71
P-000071,AF-9990-41,,Others,,Pcs,SH-7,,,4,,,Active,,72
P-000072,AE-1000A,,Others,,Pcs,SH-8,,,0,,,Active,,73
P-000073,AE-1000,,Others,,Pcs,SH-8,,,1,,,Active,,74
P-000074,AE-1010,,Others,,Pcs,SH-8,,,0,,,Active,,75
P-000075,AE-1003,NOT COMPLETE,Others,,Pcs,SH-8,,,1,,,Active,,76
P-000076,AE-1009,,Others,,Pcs,SH-8,,,0,,,Active,,77
P-000077,BE-3000,,Others,,Pcs,SH-8,,,0,,,Active,,78
P-000078,BE-3100,,Others,,Pcs,SH-8,,,0,,,Active,,79
P-000079,BE-3200,,Others,,Pcs,SH-8,,,0,,,Active,,80
P-000080,BE-3150,,Others,,Pcs,SH-8,,,4,,,Active,,81
P-000081,BE-3760,,Others,,Pcs,SH-8,,,4,,,Active,,82
P-000082,BE-3850,,Others,,Pcs,SH-8,,,4,,,Active,,83
P-000083,BE-3940,5/3 ISO1 SPO.SOL/C.C.,Others,,Pcs,SH-8,,,3,,,Active,,84
P-000084,BE-4060,,Others,,Pcs,SH-8,,,1,,,Active,,85
P-000085,BE-3999-01 (LOCAL MADE),SPRING FOR BE-3000 AND BE-4***,Others,,Pcs,SH-8,,,25,,,Active,,86
P-000086,BE-3999-09,ISO 1 COMPONENT for center close,Others,,Pcs,SH-8,5907.0,,14,,,Active,,87
P-000087,BE-5999-09,ISO 3 COMPONENT for center close,Others,,Pcs,SH-8,,,2,,,Active,REVIEW,88
P-000088,BE-3999-10,,Others,,Pcs,SH-8,,,1,,,Active,,89
P-000089,BE-3999-01 IMPORT,SPRING FOR BE-3000 AND BE-4***,Others,,Pcs,SH-8,,,10,,,Active,,90
P-000090,BE-3999-06,ISO 1 COMPONENT breathing seal tiny,Others,,Pcs,SH-8,,,14,,,Active,,91
P-000091,BE-3999-13,ISO 1 SEAL OF BASE AND VALVE,Valves,,Pcs,SH-8,,,0,,,Active,,92
P-000092,BE-3999-04,ISO 1 COMPONENT GUTKA SILVER,Others,,Pcs,SH-8,,,4,,,Active,,93
P-000093,BE-5999-01 IMPORT,SPRING FOR BE-5000,Others,,Pcs,SH-8,,,1,,,Active,,94
P-000094,BE-3999-07,CAP/COVER FOR sol block FOR BE-6000,Others,,Pcs,SH-8,,,10,,,Active,,95
P-000095,BE-4940,5/3 ISO2 SPO.SOL/C.C.,Others,,Pcs,SH-8,,,2,,,Active,,96
P-000096,BE-4999-09,ISO2 PIST. O.C.AND C.C. SPOOLSYST,Others,,Pcs,,,,2,,,Active,,97
P-000097,BE-5999-09,ISO3 PIST. O.C.AND C.C. SPOOLSYST,Others,,Pcs,SH-9,,,2,,,Active,REVIEW,98
P-000098,BE-6999-09,ISO4 PIST. O.C.AND C.C. SPOOLSYST,Others,,Pcs,SH-9,,,2,,,Active,,99
P-000099,SHELF,,Others,,Pcs,SH-9,,,0,,,Active,REVIEW,100
P-000100,BE-6000,,Others,,Pcs,SH-9,,,1,,,Active,,101
P-000101,BE-6020,,Others,,Pcs,SH-9,,,4,,,Active,,102
P-000102,BE-5020,,Others,,Pcs,SH-9,,,2,,,Active,,103
P-000103,BE-4100,,Others,,Pcs,SH-9,,,2,,,Active,,104
P-000104,BE-4170,,Others,,Pcs,SH-9,,,1,,,Active,,105
P-000105,BE-4020,,Others,,Pcs,SH-9,,,1,,,Active,,106
P-000106,BDE-324024 OR BDA-3240,,Others,,Pcs,SH-9,,,2,,,Active,,107
P-000107,BDE-424024 OR BDA-4240,,Others,,Pcs,SH-9,,,0,,,Active,,108
P-000108,BDE-364424 OR BDA-3644,18MM EQUIVALENT V415A22D-C3**† CONVERT BDA-3644,Others,,Pcs,SH-9,,,0,,,Active,,109
P-000109,BDA-3231,,Others,,Pcs,SH-9,,,6,,,Active,,110
P-000110,BDE-324124 OR BDA-3241,,Others,,Pcs,SH-9,,,2,,,Active,,111
P-000111,BDA-3644,,Others,,Pcs,SH-9,,,3,,,Active,,112
P-000112,BDA-3996,SPOOL FOR BDA-3644,Others,,Pcs,SH-9,,,2,,,Active,,113
P-000113,BDA-4240,V45A517D-C313A,Others,,Pcs,SH-9,,,1,,,Active,,114
P-000114,BDA-4240D,WITH EXTERNAL PILOT,Valves,,Pcs,SH-9,,,4,,,Active,,115
P-000115,BDA-4844D,3/2+3/2 VDMA 26MM NO/NO SOL/SOL24DC,Valves,,Pcs,SH-9,,,2,,,Active,,116
P-000116,BDA-4544,5/3 VDMA 26MM P.C. SOL/SOL 24DC,Others,,Pcs,SH-9,,,4,,,Active,,117
P-000117,BDA-4344,5/3 VDMA 26MM C.C. SOL/SOL 24DC,Others,,Pcs,SH-9,,,4,,,Active,,118
P-000118,BDA-4344D,5/3 VDMA 26MM C.C. SOL/SOL 24DC ASS,Others,,Pcs,SH-9,,,2,,,Active,,119
P-000119,BDA-4644,3/2+3/2 VDMA 26MM NC/NC SOL/SOL24DC,Valves,,Pcs,SH-9,,,1,,,Active,,120
P-000120,BE-3714D,,Others,,Pcs,SH-9,,,1,,,Active,,121
P-000121,BE-6990,,Others,,Pcs,SH-9,,,0,,,Active,REVIEW,122
P-000122,BE-6990,,Others,,Pcs,SH-9,,,2,,,Active,REVIEW,123
P-000123,OFSW-32,FESTO OIL,Others,,Pcs,SH-9,,,2,,,Active,,124
P-000124,BF-4061,,Others,,Pcs,SH-10,,,2,,,Active,,125
P-000125,EL22SF900-02,,Others,,Pcs,SH-10,,,6,,,Active,,126
P-000126,BF-1151,ISO 2 SUB BASE SYSTEM 3/8,Others,,Pcs,10,,,10,,,Active,,127
P-000127,BF-1068,END BASE PLATE,Others,,Pcs,10,,,6,,,Active,,128
P-000128,BF-1072,BASE PLATE FOR MANIFOLD,Valves,,Pcs,10,,,16,,,Active,,129
P-000129,BF-1070,ISO 1 SUB BASE SYSTEM,Others,,Pcs,10,,,4,,,Active,,130
P-000130,BF-1085,,Others,,Pcs,10,,,4,,,Active,,131
P-000131,BF-1061,14,Others,,Pcs,10,,,14,,,Active,,132
P-000132,BF-1150,ISO 2 SUB BASE SYSTEM 1/4,Others,,Pcs,10,,,8,,,Active,,133
P-000133,G-7900-04,1,Others,,Pcs,10,,,1,,,Active,,134
P-000134,EL22SF900-06,,Others,,Pcs,SH-10,,,2,,,Active,,135
P-000135,AM-5150,PLATE AMPL. U1-U2,Others,,Pcs,SH-38,,,2,,,Active,REVIEW,136
P-000136,M1000250200M,25/0200 ST.STEEL MICRO ISO MAGN.,Others,,Pcs,SH-38,,,5,,,Active,REVIEW,137
P-000137,SHELF,,Others,,Pcs,SH-12,,,0,,,Active,REVIEW,155
P-000138,KLR131080100,,Others,,Pcs,SH-12,,,64,,,Active,,156
P-000139,KLR131063,,Others,,Pcs,SH-12,,,12,,,Active,,157
P-000140,`,,Others,,Pcs,SH-13,,,2,,,Active,,158
P-000141,GP-6310,,Others,,Pcs,SH-13,,,13,,,Active,,159
P-000142,CM-600,,Others,,Pcs,SH-13,,,0,,,Active,,160
P-000143,G-6240,5/2 G1/8 MONO.SOL/PS SPORG/MAN,Valves,,Pcs,SH-13,,,0,,,Active,,161
P-000144,G-6250,5/2 G1/8 MONO.SOL/PN.SPRING,Valves,,Pcs,SH-13,,,-1,,,Active,,162
P-000145,GP-6100,,Others,,Pcs,SH-13,,,10,,,Active,,163
P-000146,G-7290,,Others,,Pcs,SH-13,,,5,,,Active,,164
P-000147,G-7230,,Others,,Pcs,SH-13,,,3,,,Active,,165
P-000148,G-7399,,Others,,Pcs,SH-13,,,2,,,Active,,166
P-000149,GL-6240,,Others,,Pcs,SH-13,,,5,,,Active,,167
P-000150,G-6233,,Others,,Pcs,SH-13,,,-3,,,Active,,168
P-000151,G-6244,CONVERT INTO G-6240,Others,,Pcs,SH-13,,,0,,,Active,,169
P-000152,G-6230,,Others,,Pcs,SH-13,,,5,,,Active,,170
P-000153,GP-6400-1,,Others,,Pcs,SH-13,,,6,,,Active,,171
P-000154,GP-6400-2,,Others,,Pcs,SH-13,,,20,,,Active,,172
P-000155,GP-6400-5,,Others,,Pcs,SH-13,,,2,,,Active,,173
P-000156,G-6990-01,PNEUM/MECC CORVER G-6 SPOOL,Others,,Pcs,SH-13,,,1,,,Active,,174
P-000157,HZE2Z500,,Others,,Pcs,SH-13,,,2,,,Active,REVIEW,175
P-000158,AM-5000A,3/2 1/4 FOOT VALVE NO PROT.,Valves,,Pcs,SH-13,,,0,,,Active,,176
P-000159,CM-9413A,1/4 BSP UNIVERSAL SPOOL VALVE,Valves,,Pcs,SH-14,,,0,,,Active,,177
P-000160,CM-9410A,,Others,,Pcs,SH-14,,,0,,,Active,,178
P-000161,CM-9602A,,Others,,Pcs,SH-14,,,4,,,Active,,179
P-000162,CM-9620,,Others,,Pcs,SH-14,,,-1,,,Active,,180
P-000163,CM-9403A,Ball push Mechanical,Others,,Pcs,SH-14,,,2,,,Active,,181
P-000164,CM-9680,,Others,,Pcs,SH-14,,,3,,,Active,,182
P-000165,CM-9585,,Others,,Pcs,SH-14,,,1,,,Active,,183
P-000166,CM-600 BODY ONLY,,Others,,Pcs,SH-13,,,3,,,Active,,184
P-000167,CM-950,,Others,,Pcs,SH-14,,,3,,,Active,,185
P-000168,CM-580,"5/3 double pilot 1/8""",Valves,,Pcs,SH-14,,,5,,,Active,,186
P-000169,CM-500,"5/2 single pilot , 1/8""",Valves,,Pcs,SH-14,,,1,,,Active,,187
P-000170,CM-420,,Others,,Pcs,SH-14,,,1,,,Active,,188
P-000171,CM-9500,,Others,,Pcs,SH-14,,,4,,,Active,,189
P-000172,CM-418R,,Others,,Pcs,SH-14,,,0,,,Active,REVIEW,190
P-000173,CM-418R,,Others,,Pcs,SH-14,,,1,,,Active,REVIEW,191
P-000174,CM-430,"Rotating Hand Lever /2, 1/8",Others,,Pcs,SH-15,,,0,,,Active,,192
P-000175,CM-9520,,Others,,Pcs,SH-15,,,5,,,Active,,193
P-000176,EL22F250,"5/2 single SOLENOID 1/4""",Valves,,Pcs,SH-15,,,8,,,Active,,194
P-000177,LNE52W1014,"MINDMAN MSW 5/2 X 1/4""",Valves,,Pcs,SH-15,,,6,,,Active,,195
P-000178,EL22F230,"5/2 MONO. PN/MP | PN/PS 1/4""",Valves,,Pcs,SH-15,,,10,,,Active,,196
P-000179,EL22986,KIT EL22 5/3 C.C,Others,,Pcs,SH-15,,,1,,,Active,,197
P-000180,EL22988,KIT EL22 5/3 P.C,Others,,Pcs,SH-15,,,1,,,Active,,198
P-000181,EL22F355,22MM 5/3 VALVE CC EL/EL G1/4,Valves,,Pcs,SH-15,,,1,,,Active,,199
P-000182,CL-9300,,Others,,Pcs,SH-15,,,1,,,Active,,200
P-000183,CL-9303A,,Others,,Pcs,SH-15,,,0,,,Active,,201
P-000184,CM-412A,,Others,,Pcs,SH-15,,,12,,,Active,,202
P-000185,CM-9430E,"Rotating Hand Lever 5/3, 1/4 cent closed",Others,,Pcs,SH-15,,,1,,,Active,,203
P-000186,CM-9420,Push Pull Button,Others,,Pcs,SH-15,,,1,,,Active,,204
P-000187,CM-9590,1/4 BSP UNIVERSAL SPOOL VALVE,Valves,,Pcs,SH-15,15518.0,,2,,,Active,,205
P-000188,CM-419R,,Others,,Pcs,SH-15,,,5,,,Active,,206
P-000189,CM-413A,,Others,,Pcs,SH-15,,,6,,,Active,,207
P-000190,CM-418R,,Others,,Pcs,SH-15,,,3,,,Active,REVIEW,208
P-000191,CM-585,,Others,,Pcs,SH-15,,,1,,,Active,,209
P-000192,CM-411A,w,Others,,Pcs,SH-15,,,0,,,Active,,210
P-000193,CM-620,,Others,,Pcs,SH-15,,,1,,,Active,,211
P-000194,CM-423,"Hand valve 5/2, 1/8""",Valves,,Pcs,SH-15,,,0,,,Active,,212
P-000195,CM-9430,"Rotating Hand Lever 5/3, 1/4 cent closed",Others,,Pcs,SH-15,,,2,,,Active,,213
P-000196,CM-425E,"Hand Valve 5/3 1/8"" Pressurized center",Valves,,Pcs,SH-15,,,2,,,Active,,214
P-000197,CM-9423,"Hand valve 5/2, 1/4""",Valves,,Pcs,SH-15,,,1,,,Active,,215
P-000198,EL22SF560,,Others,,Pcs,SH-15,,,10,,,Active,,216
P-000199,E-0220 (E-0270),COMPA 2 VV SUB-B SOL/SPG SPOOLM.F.,Others,,Pcs,SH-15,,,15,,,Active,,217
P-000200,EL18F255,"5/2 DOUBLE SOLENOID 1/8""",Valves,,Pcs,,,,3,,,Active,,218
P-000201,MODEL,,Others,,Pcs,SH-16,,,0,,,Active,REVIEW,219
P-000202,AI-3526,,Others,,Pcs,SH-16,,,6,,,Active,,220
P-000203,AI-3513,push button GREEN,Others,,Pcs,SH-16,,,8,,,Active,,221
P-000204,AI-3511Q,,Others,,Pcs,SH-16,,,2,,,Active,,222
P-000205,AI-3610,,Others,,Pcs,SH-16,,,2,,,Active,,223
P-000206,AI-3570,ACTUATOR. ROLLER/LEVER,Others,,Pcs,SH-16,,,4,,,Active,,224
P-000207,AI-9400,,Others,,Pcs,SH-16,,,0,,,Active,,225
P-000208,AC-8990-05,back cover for AC-8500,Others,,Pcs,SH-16,,,1,,,Active,REVIEW,226
P-000209,AC-8990-09,DE FOR 5/2 1/4,Valves,,Pcs,SH-16,,,2,,,Active,,227
P-000210,MODEL,,Others,,Pcs,SH-17,,,0,,,Active,REVIEW,228
P-000211,DA-0124,220VAC,Others,,Pcs,SH-17,,,43,,,Active,,229
P-000212,DC-0310,220VAC,Others,,Pcs,SH-17,,,9,,,Active,,230
P-000213,DA-0051,24VDC,Others,,Pcs,SH-17,,,50,,,Active,,231
P-000214,LBV05024CU ODE,24VDC,Others,,Pcs,SH-17,,,12,,,Active,,232
P-000215,110VAC CHINA,110VAC,Others,,Pcs,SH-17,,,21,,,Active,,233
P-000216,DA-0106,24VAC,Others,,Pcs,SH-17,,,26,,,Active,,234
P-000217,DA-0058,48VDC,Others,,Pcs,SH-17,,,10,,,Active,,235
P-000218,DA-0108,110VAC,Others,,Pcs,SH-17,,,24,,,Active,,236
P-000219,DB-0510,220VAC,Others,,Pcs,SH-17,,,9,,,Active,,237
P-000220,DB-0610,220VAC,Others,,Pcs,SH-17,,,8,,,Active,,238
P-000221,DB-0502,24VDC,Others,,Pcs,SH-17,,,29,,,Active,,239
P-000222,DB-0507,24VAC,Others,,Pcs,SH-17,,,18,,,Active,,240
P-000223,DB-0607,24VAC,Others,,Pcs,SH-17,,,10,,,Active,,241
P-000224,DB-0509,U2 COIL 10VA 110V AC,Others,,Pcs,SH-17,,,15,,,Active,,242
P-000225,DL-0124,U6 COIL 220VAC,Others,,Pcs,SH-17,,,21,,,Active,,243
P-000226,DL-0051,U6 COIL 24VDC,Others,,Pcs,SH-17,,,14,,,Active,,244
P-000227,DL-0106,U6 COIL 24VAC,Others,,Pcs,SH-17,,,24,,,Active,,245
P-000228,DL-0108,U6 COIL 110VAC,Others,,Pcs,SH-17,,,14,,,Active,,246
P-000229,DD-051,24VDC,Others,,Pcs,,,,22,,,Active,,247
P-000230,DD-060,110vac,Others,,Pcs,SH-17,,,25,,,Active,,248
P-000231,DD-040,U5 COIL 1W 12VDC 24VAC 50-60HZ2VA,Others,,Pcs,,,,21,,,Active,,249
P-000232,AC-7500,,Others,,Pcs,SH-18,,,2,,,Active,,250
P-000233,AC-7100,,Others,,Pcs,SH-18,,,4,,,Active,,251
P-000234,AC-8520,,Others,,Pcs,SH-18,,,9,,,Active,,252
P-000235,AC-8120,,Others,,Pcs,SH-18,,,3,,,Active,,253
P-000236,AC-8740,,Others,,Pcs,SH-18,,,0,,,Active,,254
P-000237,AC-N8500,,Others,,Pcs,SH-18,,,7,,,Active,,255
P-000238,AC-7120,,Others,,Pcs,SH-18,,,1,,,Active,,256
P-000239,AC-8100,,Others,,Pcs,SH-18,,,1,,,Active,,257
P-000240,AC-8500,,Others,,Pcs,SH-18,,,6,,,Active,,258
P-000241,AC-N8520,,Others,,Pcs,SH-18,,,2,,,Active,,259
P-000242,AC-9100,,Others,,Pcs,SH-18,,,0,,,Active,,260
P-000243,KLK402063BM,,Others,,Pcs,SH-19,,,10,,,Active,,261
P-000244,KLK401050BM,,Others,,Pcs,SH-19,,,4,,,Active,,262
P-000245,KLK401080BM,,Others,,Pcs,,,,2,,,Active,,263
P-000246,KL2001250450M,,Others,,Pcs,SHELF E,,,2,,,Active,,264
P-000247,KL2001250320,,Others,,Pcs,SH-21,,,1,,,Active,,265
P-000248,KL2001250100,,Others,,Pcs,SH-21,,,0,,,Active,,266
P-000249,CL-300,,Others,,Pcs,SH-22,,,3,,,Active,,267
P-000250,CL-118R,,Others,,Pcs,SH-22,,,15,,,Active,,268
P-000251,CL-103A,,Others,,Pcs,SH-22,,,4,,,Active,,269
P-000252,CL-104A,,Others,,Pcs,SH-22,,,1,,,Active,,270
P-000253,CL-302A,,Others,,Pcs,SH-22,,,1,,,Active,,271
P-000254,CL-200,,Others,,Pcs,SH-22,,,3,,,Active,,272
P-000255,CL-120A,,Others,,Pcs,SH-22,,,7,,,Active,,273
P-000256,CL-9200,"3/2 WAY, 1/4"", Single Pilot Valve",Valves,,Pcs,SH-22,,,0,,,Active,,274
P-000257,CL-9113A,,Others,,Pcs,SH-22,,,1,,,Active,,275
P-000258,CL-100A,,Others,,Pcs,SH-22,,,4,,,Active,,276
P-000259,CL-9103A,1/4 BSP UNIVERSAL SPOOL VALVE,Valves,,Pcs,SH-22,,,2,,,Active,,277
P-000260,CL-9301,,Others,,Pcs,SH-22,,,1,,,Active,,278
P-000261,KL2000500050M,,Others,,Pcs,SH-23,,,6,,,Active,,279
P-000262,KD2000500025M,,Others,,Pcs,SH-23,,,5,,,Active,,280
P-000263,KD2000500125M,,Others,,Pcs,SH-23,,,2,,,Active,REVIEW,281
P-000264,KL2000500600M,ASSEMBLE 24-1-23,Others,,Pcs,SH-23,,,0,,,Active,,282
P-000265,R13040180M (U200,,Others,,Pcs,,,,0,,,Active,,283
P-000266,KL2000500100M,50X100,Others,,Pcs,SH-24,,,5,,,Active,,284
P-000267,KL2000500200M,50X200,Others,,Pcs,SH-24,,,10,,,Active,,285
P-000268,KL2000500300M,50X300,Others,,Pcs,SH-24,,,4,,,Active,,286
P-000269,KD2000500160M,50X160,Others,,Pcs,SH-24,,,1,,,Active,,287
P-000270,KD2000500125M,50X125,Others,,Pcs,SH-24,,,2,,,Active,REVIEW,288
P-000271,YF210151S,"1/2""",Others,,Pcs,SH-25,,,2,,,Active,,289
P-000272,YF210251S,"1""",Others,,Pcs,SH-25,,,4,,,Active,,290
P-000273,HZRP3008GC,PRECISION REGULATOR 0.05-08 BAR,Airline Equipment,,Pcs,SH-25,,,3,,,Active,,291
P-000274,HZRM08G,,Others,,Pcs,SH-25,,,2,,,Active,,292
P-000275,HZRS08G,MICROREGULATOR 1/4,Others,,Pcs,SH-25,,,0,,,Active,,293
P-000276,RPG01032,KIT FOR RS40003200,Others,,Pcs,SH-B,,,7,,,Active,,294
P-000277,HZE7Z400,AUTOMATIC DRAINAGE,Others,,Pcs,,,,7,,,Active,REVIEW,295
P-000278,HZE7Z400,AUTOMATIC DRAINAGE,Others,,Pcs,,,,12,,,Active,REVIEW,296
P-000279,HZE1R15GM,,Others,,Pcs,,,,3,,,Active,,297
P-000280,HZE1R10GM,,Others,,Pcs,,,,0,,,Active,,298
P-000281,HZE2R15GM,,Others,,Pcs,,,,4,,,Active,REVIEW,299
P-000282,HZE0F08G,,Others,,Pcs,,,,0,,,Active,,300
P-000283,HZE1N15G,,Others,,Pcs,,,,0,,,Active,,301
P-000284,HZE0R08GM,REGULATOR+MAN SZ.0 G1/4,Airline Equipment,,Pcs,109,,,2,,,Active,,302
P-000285,HZE05R08GM,REGULATOR+MAN SZ.1 G1/4,Airline Equipment,,Pcs,60,,,20,,,Active,,303
P-000286,HZE7Z400,AUTOMATIC DRAINAGE,Others,,Pcs,,,,18,,,Active,REVIEW,304
P-000287,HZRP2008GC,PRECISION REGULATOR SIZE 2 0-2 BAR,Airline Equipment,,Pcs,,,,0,,,Active,,305
P-000288,HZE2R15GM,,Others,,Pcs,,,,1,,,Active,REVIEW,306
P-000289,DH-K032050,,Others,,Pcs,,,,18,,,Active,,307
P-000290,DH-K063125,,Others,,Pcs,,,,20,,,Active,,308
P-000291,HZE1P15G,,Others,,Pcs,,,,0,,,Active,,309
P-000292,HZE1F15G,,Others,,Pcs,SH-27,,,4,,,Active,,310
P-000293,HZE1F10GA,,Others,,Pcs,SH-27,,,6,,,Active,,311
P-000294,HZE2F15GA,,Others,,Pcs,SH-27,,,4,,,Active,,312
P-000295,HZE2Z500,,Others,,Pcs,SH-27,,,11,,,Active,REVIEW,313
P-000296,HZE0Z660,Filter element 5 μm SZ.0,Others,,Pcs,SH-27,,,15,,,Active,,314
P-000297,HZRP2008GE,PRECISION REGULATOR SIZE 2 0.1-10 BAR,Airline Equipment,,Pcs,SH-27,,,4,,,Active,,315
P-000298,HZRP1208GC,PRECISION REGULATOR SIZE 2 0.1-8 BAR HIGH RELEIF,Airline Equipment,,Pcs,SH-27,,,4,,,Active,,316
P-000299,HZE2Z501,,Others,,Pcs,SH-27,,,9,,,Active,,317
P-000300,HZE2Z660,,Others,,Pcs,SH-27,,,15,,,Active,,318
P-000301,HZE3Z600SA,,Others,,Pcs,SH-27,,,3,,,Active,,319
P-000302,HZE1Z660,Filter element 5 μm SZ.1,Others,,Pcs,,,,14,,,Active,,320
P-000303,HZE7Z480,SQUARE ADAPTOR FOR GAUGE G 1/8,Others,,Pcs,,,,9,,,Active,,321
P-000304,HZE2Z210,T MOUNTING KIT SZ. 2,Others,,Pcs,,,,15,,,Active,,322
P-000305,HZE0Z210,,Others,,Pcs,,,,10,,,Active,,323
P-000306,DF-220,,Others,,Pcs,SH-28,,,60,,,Active,,324
P-000307,HZ9P631014,,Others,,Pcs,SH-28,,,19,,,Active,,325
P-000308,DH-200,,Others,,Pcs,SH-28,,,7,,,Active,,326
P-000309,HZ9PB631014,Panel mounted,Others,,Pcs,,,,12,,,Active,,327
P-000310,AM-5401,CHECK VALVE 3/4,Valves,,Pcs,,,,2,,,Active,,328
P-000311,HC020818,,Others,,Pcs,,,,14,,,Active,REVIEW,329
P-000312,HC0206M5,BANJO FLOW CONT.VALVE FEED §04 M5,Valves,,Pcs,,814.0,,78,,,Active,,330
P-000313,HC060018,QUICK EXHAUST VALVE G1/8,Valves,,Pcs,,,,10,,,Active,,331
P-000314,HC060014,QUICK EXHAUST VALVE G1/4,Valves,,Pcs,,,,22,,,Active,,332
P-000315,HC0204M5,,Others,,Pcs,,,,17,,,Active,REVIEW,333
P-000316,HC020812,,Others,,Pcs,,,,25,,,Active,,334
P-000317,HC020618,,Others,,Pcs,,,,86,,,Active,,335
P-000318,HC020614,,Others,,Pcs,,,,116,,,Active,,336
P-000319,HC040606,INU06,Others,,Pcs,,,,0,,,Active,,337
P-000320,HC040808,INU08,Others,,Pcs,,,,0,,,Active,,338
P-000321,HC041010,INU10,Others,,Pcs,,,,0,,,Active,,339
P-000322,HGC030618,,Others,,Pcs,,,,12,,,Active,,340
P-000323,HGC040618,"Two Touch, SOCKET 6X1/4",Others,,Pcs,,,,18,,,Active,,341
P-000324,HC0204M5,,Others,,Pcs,,,,102,,,Active,REVIEW,342
P-000325,AM-5065,1/4BSP FLOW CONTROL 6MM ORIF.,Others,,Pcs,,,,24,,,Active,,343
P-000326,HC020818,"Two Touch, SOCKET 6X1/4",Others,,Pcs,,,,46,,,Active,REVIEW,344
P-000327,HC020814,"8X1/4"" FLOW CONTROL",Others,,Pcs,,,,95,,,Active,,345
P-000328,HC020838,"8X3/8"" FLOW CONTROL",Others,,Pcs,,,,48,,,Active,,346
P-000329,HC020815,Metal Flow Contorl 6x1/8,Others,,Pcs,,,,38,,,Active,,347
P-000330,HC010838,OUT Flow control from Cylinder side,Cylinder,,Pcs,,,,44,,,Active,,348
P-000331,HC021014,,Others,,Pcs,,,,54,,,Active,,349
P-000332,HZE0B08GSM,,Others,,Pcs,,,,4,,,Active,,350
P-000333,HZ9N12111080,,Others,,Pcs,SH-30,,,4,,,Active,,351
P-000334,HZE2Z602,,Others,,Pcs,SH-30,,,1,,,Active,,352
P-000335,HZE2Z603,,Others,,Pcs,SH-30,,,5,,,Active,,353
P-000336,HZRM310,Pressure switch,Airline Equipment,,Pcs,SH-30,,,7,,,Active,,354
P-000337,HZE2Z310,L BRACKET SZ. 2,Others,,Pcs,SH-30,,,12,,,Active,,355
P-000338,HZRM603,Chuk nut / ring nut sz 2,Others,,Pcs,SH-30,,,18,,,Active,,356
P-000339,HZE1Z310,"""L"" WALL BRACKET",Others,,Pcs,SH-30,,,5,,,Active,,357
P-000340,HZE0Z310,,Others,,Pcs,SH-30,,,17,,,Active,,358
P-000341,AM-5212B,U2 COIL NUT STD. N.C.2/2,Others,,Pcs,SH-30,,,20,,,Active,,359
P-000342,HZE2B15GM,,Others,,Pcs,SH-30,,,1,,,Active,,360
P-000343,HZ9P401218,,Others,,Pcs,SH-30,,,14,,,Active,,361
P-000344,HZE0D08GM,,Others,,Pcs,,,,25,,,Active,,362
P-000345,HZE0B08GM,HZE0D08GM,Others,,Pcs,,,,5,,,Active,REVIEW,363
P-000346,HZE0L08GM,,Others,,Pcs,,,,19,,,Active,,364
P-000347,HZE3L25G,,Others,,Pcs,,,,2,,,Active,,365
P-000348,HZE3F25GS,,Others,,Pcs,,,,3,,,Active,,366
P-000349,HZE3R25GM,,Others,,Pcs,,,,3,,,Active,,367
P-000350,HZE1D15GM,,Others,,Pcs,SH-32,,,9,,,Active,,368
P-000351,HZE1B15GM,,Others,,Pcs,,,,10,,,Active,,369
P-000352,KL2000630100M,63X100,Others,,Pcs,,,,1,,,Active,,370
P-000353,KL2000630150M,63X150,Others,,Pcs,,,,4,,,Active,,371
P-000354,HZE1Y15G,GRADUAL STARTER G1/4,Others,,Pcs,,,,1,,,Active,,372
P-000355,HZE2L15G,,Others,,Pcs,,,,0,,,Active,,373
P-000356,HZE1L15G,,Others,,Pcs,,,,14,,,Active,,374
P-000357,HZE2D15GM,,Others,,Pcs,,,,3,,,Active,,375
P-000358,HZE2G15GAB,"Coalescene Filter 0,01μm - G1/2 / coalescing",Others,,Pcs,,58322.0,,2,,,Active,,376
P-000359,HZE2G15GAC,"Coalescene Filter 0,3μm - G1/2 / coalescing",Others,,Pcs,,,,2,,,Active,,377
P-000360,KL2000400100M,,Others,,Pcs,,,,2,,,Active,,378
P-000361,KL2000320080M,30X80,Others,,Pcs,,,,7,,,Active,,379
P-000362,KL2000320075M,,Others,,Pcs,,,,0,,,Active,,380
P-000363,KL2000320100M,32X100,Others,,Pcs,,,,1,,,Active,,381
P-000364,KL2000320050M,32X050,Others,,Pcs,,,,5,,,Active,REVIEW,382
P-000365,KD2000400100M,40X100,Others,,Pcs,,,,1,,,Active,,383
P-000366,KD2000320025M,32X025,Others,,Pcs,,,,4,,,Active,,384
P-000367,KL2000320050M,32X050,Others,,Pcs,,,,1,,,Active,REVIEW,385
P-000368,KL2000320020M,32X020,Others,,Pcs,,,,1,,,Active,,386
P-000369,KL2000400150M,40X150,Others,,Pcs,SH-36,,,10,,,Active,,387
P-000370,KL2000630200M,63X200,Others,,Pcs,SH-36,,,1,,,Active,,388
P-000371,KL2000400025M,40X025,Others,,Pcs,SH-36,,,10,,,Active,,389
P-000372,KL2000400030M,40X030,Others,,Pcs,SH-36,,,0,,,Active,,390
P-000373,KL2000400160M,40X160,Others,,Pcs,SH-36,,,10,,,Active,,391
P-000374,KL2000400075M,40X075,Others,,Pcs,SH-36,,,4,,,Active,,392
P-000375,KL2000320050M,32X050,Others,,Pcs,SH-36,,,7,,,Active,REVIEW,393
P-000376,KD2000400075M,40X075,Others,,Pcs,SH-36,,,2,,,Active,,394
P-000377,KL2000400150FM,40X150 (+75mm ext rod),Others,,Pcs,SH-36,,,0,,,Active,,395
P-000378,KL2000400125,40X125 (MADE TO ORDER),Others,,Pcs,SH-38,,,0,,,Active,,396
P-000379,AM-5150,PLATE AMPL. U1-U2 Adaptor,Others,,Pcs,SH-38,,,2,,,Active,REVIEW,397
P-000380,AM-5211A,U1/U3 COIL NUT STD. N.C.3/2,Valves,,Pcs,SH-38,,,200,,,Active,,398
P-000381,AM-5214,U2 COIL NUT STD. N.O.3/2,Valves,,Pcs,SH-38,251.0,,30,,,Active,,400
P-000382,AM-5212A,U2 COIL NUT STD. N.C.3/2,Valves,,Pcs,SH-38,,,30,,,Active,,401
P-000383,AM-5163= T65C1800,"4MM P.I.F. ""OR"" UNIT",Others,,Pcs,SH-38,,,5,,,Active,,402
P-000384,AM-5164,"1/4BSP ""OR"" UNIT",Others,,Pcs,SH-39,,,1,,,Active,,403
P-000385,M1000250020M,25X020,Others,,Pcs,SH-39,,,5,,,Active,,404
P-000386,M1000250010M,25X010,Others,,Pcs,SH-39,,,9,,,Active,,405
P-000387,M1600250010M,25X010 SINGLE ACTING,Others,,Pcs,SH-39,,,3,,,Active,,406
P-000388,M1000250040M,25/0040 ST.STEEL MICRO ISO MAGN.,Others,,Pcs,SH-39,,,12,,,Active,,407
P-000389,M1000250030M,25X030,Others,,Pcs,SH-39,,,5,,,Active,,408
P-000390,M1000250025M,25X25,Others,,Pcs,SH-39,,,16,,,Active,,409
P-000391,M1000250050M,25X050,Others,,Pcs,SH-39,,,0,,,Active,,410
P-000392,M1000250075M,25X075,Others,,Pcs,SH-39,,,10,,,Active,,411
P-000393,M1000250080M,25X80,Others,,Pcs,SH-39,,,19,,,Active,,412
P-000394,M1000250100M,25X100,Others,,Pcs,SH-39,,,5,,,Active,,413
P-000395,M1000250125M,25X125,Others,,Pcs,SH-39,,,1,,,Active,,414
P-000396,M1000250150M,25X150,Others,,Pcs,SH-39,,,4,,,Active,,415
P-000397,M1500250160M,25X160,Others,,Pcs,SH-39,,,2,,,Active,,416
P-000398,M1000250175M,25X175,Others,,Pcs,SH-39,,,5,,,Active,,417
P-000399,M1000250200M,25X200,Others,,Pcs,SH-39,,,4,,,Active,REVIEW,418
P-000400,M1000160125M,16X125,Others,,Pcs,SH-39,,,5,,,Active,,419
P-000401,RS4000320050,,Others,,Pcs,SH-39,,,1,,,Active,,420
P-000402,RT2200320300I,16X7,Others,,Pcs,SH-44,,,3,,,Active,,421
P-000403,S1004160090M= SS0160007SM,,Others,,Pcs,SH-39,,,0,,,Active,,422
P-000404,S1004160090M = SS0160007SM,,Others,,Pcs,,,,0,,,Active,,423
P-000405,SS0160007SM,16X7,Others,,Pcs,SH-44,,,0,,,Active,,424
P-000406,CP-9120,,Others,,Pcs,SH-41,,,0,,,Active,,425
P-000407,CP-315,UNIVERSAL COMPONENT.2 POS HEAD,Others,,Pcs,SH-41,,,1,,,Active,,426
P-000408,CP-101,1/8 UNIVERSAL BASE CLOSED EXAUST,Others,,Pcs,SH-41,,,2,,,Active,,427
P-000409,CP-105,1/8 UNIVERSAL END PLATE,Others,,Pcs,SH-41,,,6,,,Active,,428
P-000410,CP-125,UNIVERSAL 3/2 SPOOL ONLY,Valves,,Pcs,SH-41,,,2,,,Active,,429
P-000411,CP-9140,"SPOOL FOR CM-9685, CM-9585 O.E",Others,,Pcs,SH-41,,,4,,,Active,,430
P-000412,CP-250,UNIVERSAL COMPONENT. ROTARY SW,Others,,Pcs,SH-41,,,3,,,Active,,431
P-000413,CP-9125,SPOOL FOR 3/2 way valve,Valves,,Pcs,SH-41,,,6,,,Active,,432
P-000414,CP-9135,"SPOOL FOR CM-9620, CM-9680. CM-9602A",Others,,Pcs,SH-41,,,2,,,Active,,433
P-000415,CP-9145,SPOOL FOR CM-9690 P.C,Others,,Pcs,SH-41,,,6,,,Active,,434
P-000416,CP-9245,UNIVERSAL COMPONENT. PUSH-PULL,Others,,Pcs,SH-41,,,6,,,Active,,435
P-000417,CP-9235,,Others,,Pcs,SH-41,,,4,,,Active,,436
P-000418,CP-9205,UNIVERSAL COMPONENT. TAPPET,Others,,Pcs,SH-41,1850.0,,8,,,Active,,437
P-000419,CP-9405,UNIVERSAL COMPONENT. PISTON FOR 5/3,Others,,Pcs,SH-41,2546.0,,11,,,Active,REVIEW,438
P-000420,CP-9320,UNIVERSAL COMPONENT.3 POS HEAD,Others,,Pcs,SH-41,3737.0,,4,,,Active,,439
P-000421,CP-9165,UNIVERSAL COMPONENT.PILOT HEAD,Valves,,Pcs,SH-41,,,4,,,Active,,440
P-000422,CP-9155,UNIVERSAL COMPONENT. SOL HEAD,Others,,Pcs,SH-41,,,15,,,Active,,441
P-000423,AM-5148,1/8 BSP UNIVERSAL SPOOL VALVE,Valves,,Pcs,SH-41,,,16,,,Active,,442
P-000424,cp-9130,"body only 5/2, 5/3 way",Valves,,Pcs,SH-41,,,5,,,Active,,443
P-000425,CP-911G,Push Pull Button,Others,,Pcs,SH-41,,,13,,,Active,,444
P-000426,CP-911N,UNIVERSAL BUTTON,Others,,Pcs,SH-41,,,12,,,Active,,445
P-000427,CP-916R,UNIVERSAL ROTARY LEVER RED,Others,,Pcs,SH-41,,,8,,,Active,,446
P-000428,CP-9405,UNIVERSAL COMPONENT. PISTON,Others,,Pcs,SH-41,,,8,,,Active,REVIEW,447
P-000429,CP-9400,UNIVERSAL COMPONENT. PISTON,Others,,Pcs,SH-41,,,6,,,Active,,448
P-000430,CP-9300,BACK COVER FOR CM-CL-9,Others,,Pcs,SH-41,,,9,,,Active,,449
P-000431,HC350014,MINIATURE PRESSURE REGULATOR G1/4,Airline Equipment,,Pcs,SH-41,,,4,,,Active,,450
P-000432,HC350018,PRESSURE MINI-REGULATOR G1/4,Airline Equipment,,Pcs,SH-41,,,2,,,Active,,451
P-000433,HB400814,SINGLE BANJO ELBOW §08 G1/4,Fittings/Tubing,,Pcs,SH-41,,,5,,,Active,,452
P-000434,HB400614,SINGLE BANJO ELBOW §06 G1/4,Fittings/Tubing,,Pcs,SH-41,,,3,,,Active,,453
P-000435,HB400618,SINGLE BANJO ELBOW §06 G1/8,Fittings/Tubing,,Pcs,SH-41,,,3,,,Active,,454
P-000436,HC3414M5,BLOCKING VALVE M-F G1/4 M5,Valves,,Pcs,SH-41,,,2,,,Active,,455
P-000437,HC3418M5,BLOCKING VALVE M-F G1/8 M5,Valves,,Pcs,SH-41,,,1,,,Active,,456
P-000438,HB401014,SINGLE BANJO ELBOW §10 G1/4,Fittings/Tubing,,Pcs,SH-41,,,1,,,Active,,457
P-000439,HB400818,SINGLE BANJO ELBOW §08 G1/8,Fittings/Tubing,,Pcs,SH-41,,,3,,,Active,,458
P-000440,AI-3522,WITH THREAD,Others,,Pcs,SH-41,,,11,,,Active,,459
P-000441,AI-3522Q,WITHout THREAD,Others,,Pcs,SH-41,,,20,,,Active,,460
P-000442,AI-3523Q,WITHout THREAD,Others,,Pcs,SH-41,,,10,,,Active,,461
P-000443,M1000200300M,20X300,Others,,Pcs,SH-43,,,2,,,Active,,462
P-000444,M1000200080M,20X080,Others,,Pcs,SH-43,,,5,,,Active,REVIEW,463
P-000445,M1000160080M,16X080,Others,,Pcs,SH-43,,,5,,,Active,,464
P-000446,M1000200125M,20X125,Others,,Pcs,SH-43,,,5,,,Active,,465
P-000447,M1000160040M,16X040,Others,,Pcs,SH-43,,,10,,,Active,,466
P-000448,M1000200100M,20X100,Others,,Pcs,SH-43,,,5,,,Active,,467
P-000449,M1000200080M,20X080,Others,,Pcs,SH-43,,,5,,,Active,REVIEW,468
P-000450,M1000200075M,20X075,Others,,Pcs,SH-43,,,5,,,Active,,469
P-000451,M1000160100M,16X100,Others,,Pcs,SH-43,,,1,,,Active,,470
P-000452,M1000160160M,16X160,Others,,Pcs,SH-43,,,5,,,Active,,471
P-000453,M1000200050M,20X050,Others,,Pcs,SH-43,,,2,,,Active,,472
P-000454,M1000200010M,20X010,Others,,Pcs,SH-43,,,5,,,Active,,473
P-000455,M1000200020M,20X020,Others,,Pcs,SH-43,,,4,,,Active,,474
P-000456,M1000200030M,20X030,Others,,Pcs,SH-43,,,5,,,Active,,475
P-000457,M1000200025M,20X025,Others,,Pcs,SH-43,,,11,,,Active,,476
P-000458,M1000100012M,10X012,Others,,Pcs,SH-43,,,5,,,Active,,477
P-000459,M1000160025M,16X025,Others,,Pcs,SH-43,,,14,,,Active,,478
P-000460,M1000160050M,16X050,Others,,Pcs,SH-43,,,2,,,Active,,479
P-000461,M1000160010M,16X10,Others,,Pcs,SH-43,,,5,,,Active,,480
P-000462,M1000160020M,16X20,Others,,Pcs,SH-43,,,5,,,Active,,481
P-000463,M1000120025M,12X25,Others,,Pcs,SH-43,,,5,,,Active,,482
P-000464,M1000120020M,12X20,Others,,Pcs,SH-43,,,5,,,Active,,483
P-000465,M1000120010M,12X10,Others,,Pcs,SH-43,,,4,,,Active,,484
P-000466,M1000100016M,10X16,Others,,Pcs,SH-43,,,10,,,Active,,485
P-000467,M1000100025M,10X25,Others,,Pcs,SH-43,,,5,,,Active,,486
P-000468,M1000100010M,10X10,Others,,Pcs,SH-43,,,5,,,Active,,487
P-000469,MODEL,,Others,,Pcs,SH-44,,,0,,,Active,REVIEW,489
P-000470,KL2000800130M,80X130,Others,,Pcs,SH-44,,,8,,,Active,,490
P-000471,W1000200010M,20X10,Others,,Pcs,SH-44,,,8,,,Active,,491
P-000472,RP2000320020,032/0020 ROUND CHROM.COMPACT CYL. ISO 21287,Cylinder,,Pcs,SH-44,,,3,,,Active,,492
P-000473,RP2000250015,025/0015 ROUND CHROM.COMPACT CYL. ISO 21287,Cylinder,,Pcs,SH-44,,,4,,,Active,,493
P-000474,S1022250050,25X50,Others,,Pcs,SH-44,,,2,,,Active,,494
P-000475,W10004000010,40X10,Others,,Pcs,SH-44,,,2,,,Active,,495
P-000476,W10004000050m,40X50,Others,,Pcs,SH-44,,,2,,,Active,,496
P-000477,W10005000020,50X20,Others,,Pcs,SH-44,,,1,,,Active,,497
P-000478,W10003200025,32X25,Others,,Pcs,SH-44,,,1,,,Active,,498
P-000479,W10003200005,32X05,Others,,Pcs,SH-44,,,1,,,Active,,499
P-000480,W16006300010,63X10,Others,,Pcs,SH-44,,,1,,,Active,,500
P-000481,W100016005,16X05,Others,,Pcs,SH-44,,,1,,,Active,,501
P-000482,KL2000800250M,80X250,Others,,Pcs,SH-45,,,4,,,Active,,502
P-000483,KL2000800100M,80X100,Others,,Pcs,SH-45,,,4,,,Active,,503
P-000484,KL2000800050M,80X050,Others,,Pcs,SH-45,,,4,,,Active,,504
P-000485,KL2001000100M,100X100,Others,,Pcs,SH-48,,,6,,,Active,,505
P-000486,KL2001000075M,100X75,Others,,Pcs,SH-47,,,6,,,Active,,506
P-000487,KL2001000300M,100X300 MADE ON DEMAND,Others,,Pcs,,,,0,,,Active,,507
P-000488,KL2001000125M,100X125 MADE ON DEMAND,Others,,Pcs,,,,0,,,Active,,508
P-000489,VQ5301-51,SMC VALVE,Valves,,Pcs,,,,1,,,Active,,509
P-000490,VQ5401-51,SMC VALVE,Valves,,Pcs,,,,1,,,Active,,510
P-000491,MHC2-16D,,Others,,Pcs,,,,3,,,Active,,511
P-000492,S1010,TORK 2 WAY 1/2,Others,,Pcs,,,,4,,,Active,,512
P-000493,TIMER,AIRWORK,Others,,Pcs,,,,8,,,Active,,513
P-000494,SY5120-5YO-01FQ,SMC VALE,Others,,Pcs,,,,3,,,Active,,514
P-000495,SY5140-5YO-Q,SMC VALE,Others,,Pcs,,,,4,,,Active,,515
P-000496,R-3-M5,,Others,,Pcs,,,,6,,,Active,,516
P-000497,822010503,12X12,Others,,Pcs,,,,5,,,Active,,517
P-000498,H-3-1/4B,,Others,,Pcs,,,,3,,,Active,,518
P-000499,EV-25-4,FESTO 25X4,Others,,Pcs,,,,7,,,Active,,519
P-000500,ITV1050-312N price is 132 usd lead time 3 days,,Others,,Pcs,,,,0,,,Active,,520
P-000501,MHL2-32D1 3A1-95,SMC TWO ROD CYLINDER,Cylinder,,Pcs,,,,0,,,Active,,521
P-000502,DNC-125-PPV-A,FESTO DIA 125 KIT,Others,,Pcs,,,,1,,,Active,,522
P-000503,EV-20/180-5,13293,Others,,Pcs,,,,4,,,Active,,523
P-000504,ZCK-D08,SPRING HEAD,Others,,Pcs,,,,16,,,Active,,524
P-000505,BDA6X10-3A,KOGANEI,Others,,Pcs,,,,0,,,Active,,525
P-000506,AEVC-,,Others,,Pcs,,,,1,,,Active,,528
P-000507,stnc pressure gauge,"Wika P.G dial 2.5"""" 10 bar",Others,,Pcs,,,,1,,,Active,,532
P-000508,HP1352A10ANP,P171738 DONALDSON ( MP FILTRI),Others,,Pcs,,,,3,,,Active,,533
P-000509,IR2010-F02-X6,,Others,,Pcs,,,,1,,,Active,,534
P-000510,CS96-100,"CP96 SDB 100-1000 , CP95SB100-355",Others,,Pcs,,,,4,,,Active,,535
P-000511,sv-5101,CHELIC 5/2 WAY 1/8,Valves,,Pcs,,,,0,,,Active,,536
P-000512,CU25-25D,SMC 25X25,Others,,Pcs,,,,0,,,Active,,537
P-000513,EEC0252B1-0000-AB9,AXIAL FAN PLLTIR COOLER,Others,,Pcs,SH-B,,,0,,,Active,,538
P-000514,R900597730 ZDB10VP1,REXROTH,Others,,Pcs,SH-B,,,0,,,Active,,539
P-000515,ADC-5123,ADC5123 POWERNET,Others,,Pcs,SH-B,,,1,,,Active,,540
P-000516,4F210,CKD JAPAN,Others,,Pcs,SH-B,,,0,,,Active,,541
P-000517,QA/192063/X4X/30 Dia=63mm Stroke=30mm NORGREN Qty 01.,Heidelburg cylinder,Cylinder,,Pcs,SH-B,,,0,,,Active,,542
P-000518,SK180160007,INTERNAL STRIP § 16 L=7MT FOR S1,Others,,Pcs,SH-16,,,7,,,Active,,543
P-000519,SK190160007,EXTERNAL STRIP § 16 L=7MT for S1,Others,,Pcs,SH-16,,,7,,,Active,,544
P-000520,SK180320007,s1 (internal strip 7 mt) 25MM,Others,,Pcs,SH-16,,,6,,,Active,,545
P-000521,SK190500007,S1 (external strip 7 mt) 25MM,Others,,Pcs,SH-16,,,6,,,Active,,546
P-000522,KG01100/D,,Others,,Pcs,SH-B,,,4,,,Active,,548
P-000523,KG01040/D,,Others,,Pcs,SH-B,,,25,,,Active,,549
P-000524,KG01050/D,,Others,,Pcs,SH-B,,,19,,,Active,,550
P-000525,KG01063/D,,Others,,Pcs,SH-B,,,5,,,Active,,551
P-000526,KG01125/D,,Others,,Pcs,SH-B,,,8,,,Active,,552
P-000527,KG01080/D,SEALS KIT DA § 80 +FLAT SEAL,Others,,Pcs,SH-B,,,7,,,Active,,553
P-000528,KG01032/D,,Others,,Pcs,SH-B,,,22,,,Active,,554
P-000529,SG01016,,Others,,Pcs,SH-16,,,7,,,Active,,555
P-000530,KG01160,SEALS KIT DA § 160,Others,,Pcs,SH-B,,,3,,,Active,,556
P-000531,SPCS2M10-30,SINGLE ACTING 10X30 CKD CYLINDER,Cylinder,,Pcs,,,,0,,,Active,,557
P-000532,AP11-25A,"CKD 1""",Others,,Pcs,,,,0,,,Active,,558
P-000533,CQ2B40-KIT,,Others,,Pcs,,,,1,,,Active,,559
P-000534,MADE TO ORDER,,Others,,Pcs,,,,0,,,Active,,560
P-000535,KL2000320050M,32x50 MADE ON ORDER,Others,,Pcs,,,,0,,,Active,REVIEW,561
P-000536,KL2000630260M,63X260 MADE ON ORDER,Others,,Pcs,,,,0,,,Active,,562
P-000537,KL2000630050M,63X50 MADE ON ORDER,Others,,Pcs,,,,0,,,Active,,563
P-000538,KL2000630300M,63X300 MADE ON ORDER,Others,,Pcs,,,,0,,,Active,,564
P-000539,LNT63/90,KL20006300095M,Others,,Pcs,,,,0,,,Active,,565
P-000540,KL2000630500M,63X500 MADE ON ORDER,Others,,Pcs,,,,0,,,Active,,566
P-000541,KL2000500160M,50X160,Others,,Pcs,,,,0,,,Active,,567
P-000542,KL2000630090M,,Others,,Pcs,,,,0,,,Active,,568
P-000543,DNC-100-PPV-A,DNC-100-PPV-A 369200 price 45 usd,Others,,Pcs,23/9/23,,,1,,,Active,,574
P-000544,DNC-100-PPV-A-S6,Festo High Temp seal kit dia 100,Others,,Pcs,23/9/23,,,2,,,Active,,575
P-000545,SY5140-5YO-01,SY5140-5YO-01,Others,,Pcs,23/9/23,,,27,,,Active,,576
P-000546,CPX-FB-13,CPX-FB-13,Others,,Pcs,23/9/23,,,0,,,Active,,577
P-000547,VMPA14-M1H-M-PI 573718,VMPA14-M1H-M-PI 573718,Others,,Pcs,23/9/23,,,1,,,Active,,578
P-000548,SY5120-5LO,SY5120-5LZ-C6-Q price 38 usd,Others,,Pcs,23/9/23,,,0,,,Active,,579
P-000549,ADH4000-F04,,Others,,Pcs,,,,0,,,Active,,580
P-000550,MHS3-80D,MHS3-80D price 109 usd,Others,,Pcs,,,,1,,,Active,,581
P-000551,EL18F250,18MM 5/2 VALVE SOL/ON SPR G1/8,Valves,,Pcs,,,,6,,,Active,,584
P-000552,HA0404M5,IPC04-GM5-BK,Others,,Pcs,,,,100,,,Active,,585
P-000553,HA0406M5,IPC06-GM5-BK,Others,,Pcs,,,,100,,,Active,REVIEW,586
P-000554,HA040418,STRAIGHT PARALLEL MALE §04 G1/8,Others,,Pcs,,,,238,,,Active,,587
P-000555,HA040414,STRAIGHT PARALLEL MALE §04 G1/4,Others,,Pcs,,,,200,,,Active,,588
P-000556,HA040618,IPC06-G01-BK,Others,,Pcs,,,,264,,,Active,,589
P-000557,HA040614,STRAIGHT PARALLEL MALE §06 G1/4,Others,,Pcs,,,,252,,,Active,,590
P-000558,HA040638,IPC06-G3/8-BK,Others,,Pcs,,,,150,,,Active,,591
P-000559,HA040612,IPC06-G1/2-BK,Others,,Pcs,,,,120,,,Active,,592
P-000560,HA0406M5,STRAIGHT PARALLEL MALE §06 M5,Others,,Pcs,,,,138,,,Active,REVIEW,593
P-000561,HA040812,STRAIGHT PARALLEL MALE §08 G1/2,Others,,Pcs,,,,100,,,Active,,594
P-000562,HA040814,STRAIGHT PARALLEL MALE §08 G1/4,Others,,Pcs,DIFFERENCE 100,,,154,,,Active,,595
P-000563,HA040818,STRAIGHT PARALLEL MALE §08 G1/8,Others,,Pcs,,,,62,,,Active,,596
P-000564,HA040838,STRAIGHT PARALLEL MALE §08 G3/8,Others,,Pcs,,,,138,,,Active,,597
P-000565,HA041018,IPC10-G1/8-BK,Others,,Pcs,,,,120,,,Active,,598
P-000566,HA041012,STRAIGHT PARALLEL MALE §10 G1/2,Others,,Pcs,,,,13,,,Active,,599
P-000567,HA041038,STRAIGHT PARALLEL MALE §10 G3/8,Others,,Pcs,,,,86,,,Active,,600
P-000568,HA041214,IPC12-G02-BK,Others,,Pcs,,,,100,,,Active,,601
P-000569,HA041212,IPC12-G04-BK,Others,,Pcs,,,,204,,,Active,,602
P-000570,HA041638,IPC16-G03-BK,Others,,Pcs,,,,0,,,Active,,603
P-000571,HA041612,IPC16-G04-BK,Others,,Pcs,,,,20,,,Active,,604
P-000572,HA10B1212,HA271212,Others,,Pcs,,,,138,,,Active,,605
P-000573,HA16B0418,LOW CENTRAL TEE PARAL.MALE §04 G1/8,Fittings/Tubing,,Pcs,,,,97,,,Active,,606
P-000574,HA16B04M5,LOW CENTRAL TEE PARAL.MALE §04 M5,Fittings/Tubing,,Pcs,,,,71,,,Active,,607
P-000575,HA16B0614,LOW CENTRAL TEE PARAL.MALE §06 G1/4,Fittings/Tubing,,Pcs,,,,250,,,Active,,608
P-000576,HA16B06M5,LOW CENTRAL TEE PARAL.MALE §06 M5,Fittings/Tubing,,Pcs,,,,82,,,Active,,609
P-000577,HA16B0814,LOW CENTRAL TEE PARAL.MALE §08 G1/4,Fittings/Tubing,,Pcs,,,,232,,,Active,,610
P-000578,HA16B0818,LOW CENTRAL TEE PARAL.MALE §08 G1/8,Fittings/Tubing,,Pcs,,,,250,,,Active,,611
P-000579,HA16B0838,LOW CENTRAL TEE PARAL.MALE §08 G3/8,Fittings/Tubing,,Pcs,,,,122,,,Active,,612
P-000580,HA16B1012,LOW CENTRAL TEE PARAL.MALE §10 G1/2,Fittings/Tubing,,Pcs,,,,118,,,Active,,613
P-000581,HA16B1014,LOW CENTRAL TEE PARAL.MALE §10 G1/4,Fittings/Tubing,,Pcs,,,,200,,,Active,,614
P-000582,HA16B1038,LOW CENTRAL TEE PARAL.MALE §10 G3/8,Fittings/Tubing,,Pcs,,,,150,,,Active,,615
P-000583,HA16B1212,LOW CENTRAL TEE PARAL.MALE §12 G1/2,Fittings/Tubing,,Pcs,,,,150,,,Active,,616
P-000584,HA16B1238,LOW CENTRAL TEE PARAL.MALE §12 G3/8,Fittings/Tubing,,Pcs,,,,150,,,Active,,617
P-000585,HA190400,CONNECTOR § 4,Fittings/Tubing,,Pcs,,,,150,,,Active,,618
P-000586,HA190600,STRAIGHT CONNECTOR §06,Fittings/Tubing,,Pcs,,,,104,,,Active,,619
P-000587,HA190604,STRAIGHT CONNECTOR §06-04,Fittings/Tubing,,Pcs,,,,126,,,Active,,620
P-000588,HA190800,STRAIGHT CONNECTOR §08,Fittings/Tubing,,Pcs,,,,286,,,Active,,621
P-000589,HA190806,IPU08-06-A,Others,,Pcs,,,,300,,,Active,,622
P-000590,HA190804,IPU08-04-A,Others,,Pcs,,,,100,,,Active,,623
P-000591,HA191000,STRAIGHT CONNECTOR §10,Fittings/Tubing,,Pcs,,,,187,,,Active,,624
P-000592,HA191008,STRAIGHT CONNECTOR §10-08,Fittings/Tubing,,Pcs,,,,230,,,Active,,625
P-000593,HA191200,STRAIGHT CONNECTOR §12,Fittings/Tubing,,Pcs,,,,336,,,Active,,626
P-000594,HA191206,IPU12-06-A,Others,,Pcs,,,,120,,,Active,,627
P-000595,HA191208,IPU12-08-A,Others,,Pcs,,,,160,,,Active,,628
P-000596,HA191210,STRAIGHT CONNECTOR §12-10,Fittings/Tubing,,Pcs,,,,321,,,Active,,629
P-000597,HA191600,IPU16-A,Others,,Pcs,,,,30,,,Active,,630
P-000598,HA200400,ELBOW §04,Fittings/Tubing,,Pcs,,,,153,,,Active,,631
P-000599,HA200600,ELBOW §06,Fittings/Tubing,,Pcs,,,,638,,,Active,,632
P-000600,HA200800,ELBOW §08,Fittings/Tubing,,Pcs,,,,235,,,Active,,633
P-000601,HA201000,ELBOW §10,Fittings/Tubing,,Pcs,,,,113,,,Active,,634
P-000602,HA201200,ELBOW §12,Fittings/Tubing,,Pcs,,,,198,,,Active,,635
P-000603,HA210400,EQUAL TEE §04,Fittings/Tubing,,Pcs,,,,250,,,Active,,636
P-000604,HA210600,EQUAL TEE §06,Fittings/Tubing,,Pcs,,,,476,,,Active,,637
P-000605,HA210800,EQUAL TEE §08,Fittings/Tubing,,Pcs,,,,332,,,Active,,638
P-000606,HA221000,EQUAL TEE §10,Fittings/Tubing,,Pcs,,,,0,,,Active,REVIEW,639
P-000607,HA211200,EQUAL TEE §12,Fittings/Tubing,,Pcs,,,,291,,,Active,,640
P-000608,HA211008,UN-EQUAL TEE §10X08,Fittings/Tubing,,Pcs,,,,42,,,Active,,641
P-000609,HA211210,UN-EQUAL TEE §12X10,Fittings/Tubing,,Pcs,,,,60,,,Active,,642
P-000610,HA220400,CROSS §04,Others,,Pcs,,,,10,,,Active,,643
P-000611,HA220600,CROSS §06,Others,,Pcs,,,,36,,,Active,,644
P-000612,HA220800,CROSS §08,Others,,Pcs,,,,36,,,Active,,645
P-000613,HA221000,CROSS §10,Others,,Pcs,,,,24,,,Active,REVIEW,646
P-000614,HA221200,CROSS §12,Others,,Pcs,,,,12,,,Active,,647
P-000615,HA230404,Y CONNECTOR §04,Fittings/Tubing,,Pcs,,,,50,,,Active,,648
P-000616,HA230604,Y CONNECTOR §06-04,Fittings/Tubing,,Pcs,,,,50,,,Active,,649
P-000617,HA230606,IPY06-A,Others,,Pcs,,,,54,,,Active,,650
P-000618,HA230808,IPY08-A,Others,,Pcs,,,,102,,,Active,,651
P-000619,HA231010,IPY10-A,Others,,Pcs,,,,138,,,Active,,652
P-000620,HA231210,Y CONNECTOR §12-10,Fittings/Tubing,,Pcs,,,,50,,,Active,,653
P-000621,HA231212,IPY12-A,Others,,Pcs,,,,126,,,Active,,654
P-000622,HA270418,SWIV.ELB.PAR.M.THR+HEXAG.WRE§04G1/8,Others,,Pcs,,,,84,,,Active,,655
P-000623,HA2706M5,IPL06-GM5-BK,Others,,Pcs,,,,100,,,Active,,656
P-000624,HA270618,IPLN06-G01-A,Others,,Pcs,,,,190,,,Active,,657
P-000625,HA270614,SWIV.ELB.PAR.M.THR+HEXAG.WRE§06G1/4,Others,,Pcs,,,,206,,,Active,,658
P-000626,HA270638,IPL06-G03-A,Others,,Pcs,,,,120,,,Active,,659
P-000627,HA270612,IPC06-G04-BK,Others,,Pcs,,,,60,,,Active,,660
P-000628,HA270812,ISAIAH ELBOW BSP THREAD,Fittings/Tubing,,Pcs,,,,174,,,Active,,661
P-000629,HA270814,SWIV.ELB.PAR.M.THR+HEXAG.WRE§08G1/4,Others,,Pcs,-54,288.0,,234,,,Active,,662
P-000630,HA270818,SWIV.ELB.PAR.M.THR+HEXAG.WRE§08G1/8,Others,,Pcs,-23,207.0,,184,,,Active,,663
P-000631,HA270838,SWIV.ELB.PAR.M.THR+HEXAG.WRE§08G3/8,Others,,Pcs,,,,122,,,Active,,664
P-000632,HA271018,FARRUKH FIRE PRROF ELBOW 10X1/8,Fittings/Tubing,,Pcs,,,,104,,,Active,,665
P-000633,HA271012,SWIV.ELB.PAR.M.THR+HEXAG.WRE§10G1/2,Others,,Pcs,,,,65,,,Active,,666
P-000634,HA271014,SWIV.ELB.PAR.M.THR+HEXAG.WRE§10G1/4,Others,,Pcs,,,,-32,,,Active,,667
P-000635,HA271038,SWIV.ELB.PAR.M.THR+HEXAG.WRE§10G3/8,Others,,Pcs,,,,110,,,Active,,668
P-000636,HA271214,IPL12-G02,Others,,Pcs,,,,130,,,Active,,669
P-000637,HA271238,SWIV.ELB.PAR.M.THR+HEXAG.WRE§12G3/8,Others,,Pcs,,,,88,,,Active,,670
P-000638,HA271438,IPL14-G03,Others,,Pcs,,,,20,,,Active,,671
P-000639,HA271412,IPL14-G04,Others,,Pcs,,,,20,,,Active,,672
P-000640,HA271638,IPL16-G03,Others,,Pcs,,,,20,,,Active,,673
P-000641,HA191400,IPU-14-A,Others,,Pcs,,,,20,,,Active,,674
P-000642,HA201400,IPV-14-A,Others,,Pcs,,,,20,,,Active,,675
P-000643,HA201600,IPV-16-A,Others,,Pcs,,,,20,,,Active,,676
P-000644,HA301008,REDUCED MULTI BRANCH TEE §10-08,Fittings/Tubing,,Pcs,,,,24,,,Active,,677
P-000645,HA241006,PPGJ10-06-A,Others,,Pcs,,,,42,,,Active,,678
P-000646,HA241208,PPGJ12-08-A,Others,,Pcs,,,,60,,,Active,,679
P-000647,HA381208,IPLJ12-08-A,Others,,Pcs,,,,30,,,Active,,680
P-000648,HA381006,IPLJ10-06-A,Others,,Pcs,,,,30,,,Active,,681
P-000649,HA261000,IPP10-A,Others,,Pcs,,,,50,,,Active,,682
P-000650,HA261200,IPP12-A,Others,,Pcs,,,,30,,,Active,,683
P-000651,LONG ELBOW,IPLL08-02,Others,,Pcs,,,,20,,,Active,,684
P-000652,HA041014,IPC10-G1/4-BK,Others,,Pcs,,,,292,,,Active,,685
P-000653,HA041238,IPC12-G03-BK,Others,,Pcs,,,,250,,,Active,,686
P-000654,HA16B0812,IPB08-G04-A,Others,,Pcs,,,,100,,,Active,,687
P-000655,HA16B0618,IPB08-G04-A,Others,,Pcs,,,,350,,,Active,,688
P-000656,DNC-125-PPV,,Others,,Pcs,,,,0,,,Active,,689
P-000657,1062-1-DNS,Brand: AMERICAN CYLINDER,Cylinder,,Pcs,,,,0,,,Active,,690
P-000658,HZE0B08GM,FR+M MANUAL DRAIN SZ.0 G1/4 5MICR.,Others,,Pcs,,,,0,,,Active,REVIEW,692
P-000659,CPMT 120308Z,HITACHI,Others,,Pcs,,,,0,,,Active,,694
